{"eval/f1":0.38182279766438176,"_wandb":{"runtime":1335},"train/global_step":4450,"eval/recall":0.38018200202224467,"_runtime":1333.529832534,"_step":117,"eval/precision":0.3834778174400816,"train/loss":3.3955249786376953,"eval/epoch":28,"_timestamp":1.7444470673632476e+09,"train/epoch":29}